{
  "image_filename": "video2.mp4_frame0160.jpg",
  "image_dimensions": {
    "width": 848,
    "height": 480
  },
  "objects": [
    {
      "contour": {
        "x": 519.2149658203125,
        "y": 286.6630554199219,
        "w": 30.43878173828125,
        "h": 13.098052978515625
      },
      "obj_name": "car",
      "name_accuracy": 0.6010907888412476
    }
  ]
}