{
  "image_filename": "video2.mp4_frame0166.jpg",
  "image_dimensions": {
    "width": 848,
    "height": 480
  },
  "objects": [
    {
      "contour": {
        "x": 491.6254577636719,
        "y": 293.0869140625,
        "w": 30.760650634765625,
        "h": 12.8873291015625
      },
      "obj_name": "car",
      "name_accuracy": 0.6382550597190857
    },
    {
      "contour": {
        "x": 644.1815185546875,
        "y": 283.2153015136719,
        "w": 34.83489990234375,
        "h": 15.8721923828125
      },
      "obj_name": "car",
      "name_accuracy": 0.5145384669303894
    },
    {
      "contour": {
        "x": 719.2689208984375,
        "y": 302.3560791015625,
        "w": 14.72900390625,
        "h": 21.264129638671875
      },
      "obj_name": "person",
      "name_accuracy": 0.3576595187187195
    },
    {
      "contour": {
        "x": 740.7110595703125,
        "y": 284.0703125,
        "w": 23.9737548828125,
        "h": 12.89013671875
      },
      "obj_name": "car",
      "name_accuracy": 0.2771967947483063
    }
  ]
}