{
  "image_filename": "video1.mp4_frame0137.jpg",
  "image_dimensions": {
    "width": 848,
    "height": 480
  },
  "objects": [
    {
      "contour": {
        "x": 1.4296478033065796,
        "y": 204.77328491210938,
        "w": 94.77202761173248,
        "h": 266.11102294921875
      },
      "obj_name": "person",
      "name_accuracy": 0.7757468223571777
    }
  ]
}