{
  "image_filename": "video2.mp4_frame0278.jpg",
  "image_dimensions": {
    "width": 848,
    "height": 480
  },
  "objects": [
    {
      "contour": {
        "x": 197.85781860351562,
        "y": 341.92626953125,
        "w": 27.407913208007812,
        "h": 71.7542724609375
      },
      "obj_name": "person",
      "name_accuracy": 0.7978076338768005
    },
    {
      "contour": {
        "x": 180.1704864501953,
        "y": 347.8235778808594,
        "w": 27.33538818359375,
        "h": 66.75527954101562
      },
      "obj_name": "person",
      "name_accuracy": 0.7669100165367126
    }
  ]
}