{
  "image_filename": "video2.mp4_frame0309.jpg",
  "image_dimensions": {
    "width": 848,
    "height": 480
  },
  "objects": [
    {
      "contour": {
        "x": 582.3304443359375,
        "y": 155.55462646484375,
        "w": 54.63348388671875,
        "h": 24.592880249023438
      },
      "obj_name": "bus",
      "name_accuracy": 0.7321096658706665
    },
    {
      "contour": {
        "x": 747.5557250976562,
        "y": 174.97601318359375,
        "w": 26.6856689453125,
        "h": 16.349166870117188
      },
      "obj_name": "car",
      "name_accuracy": 0.4606507122516632
    }
  ]
}