{
  "image_filename": "video2.mp4_frame0280.jpg",
  "image_dimensions": {
    "width": 848,
    "height": 480
  },
  "objects": [
    {
      "contour": {
        "x": 189.7841033935547,
        "y": 87.2149658203125,
        "w": 26.665191650390625,
        "h": 12.998611450195312
      },
      "obj_name": "car",
      "name_accuracy": 0.46703407168388367
    },
    {
      "contour": {
        "x": 53.7939453125,
        "y": 110.9500503540039,
        "w": 19.94000244140625,
        "h": 11.429534912109375
      },
      "obj_name": "car",
      "name_accuracy": 0.35190439224243164
    }
  ]
}