{
  "image_filename": "video2.mp4_frame0251.jpg",
  "image_dimensions": {
    "width": 848,
    "height": 480
  },
  "objects": [
    {
      "contour": {
        "x": 651.8301391601562,
        "y": 444.30078125,
        "w": 25.49261474609375,
        "h": 35.685394287109375
      },
      "obj_name": "person",
      "name_accuracy": 0.4965914785861969
    },
    {
      "contour": {
        "x": 834.2008056640625,
        "y": 82.76239776611328,
        "w": 13.53741455078125,
        "h": 14.64459228515625
      },
      "obj_name": "car",
      "name_accuracy": 0.4713769853115082
    }
  ]
}