{
  "image_filename": "video2.mp4_frame0175.jpg",
  "image_dimensions": {
    "width": 848,
    "height": 480
  },
  "objects": [
    {
      "contour": {
        "x": 729.6961669921875,
        "y": 292.6905517578125,
        "w": 21.24237060546875,
        "h": 14.838226318359375
      },
      "obj_name": "car",
      "name_accuracy": 0.4011509120464325
    }
  ]
}