{
  "image_filename": "video2.mp4_frame0310.jpg",
  "image_dimensions": {
    "width": 848,
    "height": 480
  },
  "objects": [
    {
      "contour": {
        "x": 326.5432434082031,
        "y": 333.6864929199219,
        "w": 104.59564208984375,
        "h": 46.000244140625
      },
      "obj_name": "car",
      "name_accuracy": 0.8271807432174683
    },
    {
      "contour": {
        "x": 506.6378173828125,
        "y": 155.16612243652344,
        "w": 74.875244140625,
        "h": 25.862564086914062
      },
      "obj_name": "bus",
      "name_accuracy": 0.7785187363624573
    },
    {
      "contour": {
        "x": 745.0897827148438,
        "y": 171.69757080078125,
        "w": 23.98614501953125,
        "h": 14.104324340820312
      },
      "obj_name": "car",
      "name_accuracy": 0.3793765902519226
    },
    {
      "contour": {
        "x": 678.82373046875,
        "y": 216.3658905029297,
        "w": 10.798828125,
        "h": 20.18328857421875
      },
      "obj_name": "person",
      "name_accuracy": 0.258755624294281
    }
  ]
}