{
  "image_filename": "video2.mp4_frame0268.jpg",
  "image_dimensions": {
    "width": 848,
    "height": 480
  },
  "objects": [
    {
      "contour": {
        "x": 254.4162139892578,
        "y": 236.14691162109375,
        "w": 28.651107788085938,
        "h": 79.71533203125
      },
      "obj_name": "person",
      "name_accuracy": 0.8236346244812012
    },
    {
      "contour": {
        "x": 235.03330993652344,
        "y": 247.5809783935547,
        "w": 24.350265502929688,
        "h": 65.98252868652344
      },
      "obj_name": "person",
      "name_accuracy": 0.7925876975059509
    }
  ]
}