{
  "image_filename": "video2.mp4_frame0247.jpg",
  "image_dimensions": {
    "width": 848,
    "height": 480
  },
  "objects": [
    {
      "contour": {
        "x": 704.3395385742188,
        "y": 323.4565124511719,
        "w": 20.5074462890625,
        "h": 9.615478515625
      },
      "obj_name": "car",
      "name_accuracy": 0.5617109537124634
    },
    {
      "contour": {
        "x": 765.1484985351562,
        "y": 368.7735900878906,
        "w": 16.35968017578125,
        "h": 24.17132568359375
      },
      "obj_name": "traffic light",
      "name_accuracy": 0.3495713174343109
    },
    {
      "contour": {
        "x": 755.232666015625,
        "y": 439.5737609863281,
        "w": 17.45599365234375,
        "h": 27.634307861328125
      },
      "obj_name": "traffic light",
      "name_accuracy": 0.33286333084106445
    }
  ]
}