{
  "image_filename": "video2.mp4_frame0162.jpg",
  "image_dimensions": {
    "width": 848,
    "height": 480
  },
  "objects": [
    {
      "contour": {
        "x": 354.98260498046875,
        "y": 292.8118896484375,
        "w": 42.436798095703125,
        "h": 17.6309814453125
      },
      "obj_name": "car",
      "name_accuracy": 0.757731556892395
    },
    {
      "contour": {
        "x": 737.4367065429688,
        "y": 283.7614440917969,
        "w": 28.12615966796875,
        "h": 13.15924072265625
      },
      "obj_name": "car",
      "name_accuracy": 0.6288304328918457
    }
  ]
}