{
  "image_filename": "video2.mp4_frame0264.jpg",
  "image_dimensions": {
    "width": 848,
    "height": 480
  },
  "objects": [
    {
      "contour": {
        "x": 620.4334106445312,
        "y": 354.7366943359375,
        "w": 29.34942626953125,
        "h": 75.0804443359375
      },
      "obj_name": "person",
      "name_accuracy": 0.7729424834251404
    },
    {
      "contour": {
        "x": 593.4583740234375,
        "y": 361.71051025390625,
        "w": 37.21697998046875,
        "h": 60.703826904296875
      },
      "obj_name": "person",
      "name_accuracy": 0.7716500759124756
    },
    {
      "contour": {
        "x": 0.035565804690122604,
        "y": 25.92121696472168,
        "w": 14.729138899594545,
        "h": 97.12378120422363
      },
      "obj_name": "person",
      "name_accuracy": 0.5063204169273376
    },
    {
      "contour": {
        "x": 729.8471069335938,
        "y": 254.0843963623047,
        "w": 12.23712158203125,
        "h": 23.642471313476562
      },
      "obj_name": "person",
      "name_accuracy": 0.3420390784740448
    }
  ]
}