{
  "image_filename": "video2.mp4_frame0272.jpg",
  "image_dimensions": {
    "width": 848,
    "height": 480
  },
  "objects": [
    {
      "contour": {
        "x": 229.40185546875,
        "y": 256.2806091308594,
        "w": 31.7083740234375,
        "h": 76.05752563476562
      },
      "obj_name": "person",
      "name_accuracy": 0.8270971775054932
    },
    {
      "contour": {
        "x": 210.83616638183594,
        "y": 268.5722961425781,
        "w": 25.52105712890625,
        "h": 61.457794189453125
      },
      "obj_name": "person",
      "name_accuracy": 0.7883421182632446
    }
  ]
}