{
  "image_filename": "video2.mp4_frame0277.jpg",
  "image_dimensions": {
    "width": 848,
    "height": 480
  },
  "objects": [
    {
      "contour": {
        "x": 188.6123809814453,
        "y": 211.97088623046875,
        "w": 27.360641479492188,
        "h": 65.42196655273438
      },
      "obj_name": "person",
      "name_accuracy": 0.7873190641403198
    },
    {
      "contour": {
        "x": 208.19918823242188,
        "y": 206.047607421875,
        "w": 25.312332153320312,
        "h": 70.55340576171875
      },
      "obj_name": "person",
      "name_accuracy": 0.7763248682022095
    }
  ]
}