{
  "image_filename": "video2.mp4_frame0281.jpg",
  "image_dimensions": {
    "width": 848,
    "height": 480
  },
  "objects": [
    {
      "contour": {
        "x": 186.36500549316406,
        "y": 103.71102905273438,
        "w": 25.789169311523438,
        "h": 12.356048583984375
      },
      "obj_name": "car",
      "name_accuracy": 0.5010745525360107
    },
    {
      "contour": {
        "x": 1.8621819019317627,
        "y": 134.19679260253906,
        "w": 25.745976209640503,
        "h": 14.393951416015625
      },
      "obj_name": "car",
      "name_accuracy": 0.4236322045326233
    },
    {
      "contour": {
        "x": 28.295597076416016,
        "y": 121.61055755615234,
        "w": 23.015972137451172,
        "h": 9.696342468261719
      },
      "obj_name": "car",
      "name_accuracy": 0.3440621793270111
    }
  ]
}