{
  "image_filename": "video1.mp4_frame0084.jpg",
  "image_dimensions": {
    "width": 848,
    "height": 480
  },
  "objects": [
    {
      "contour": {
        "x": 0.26022452116012573,
        "y": 334.8351135253906,
        "w": 96.26022988557816,
        "h": 72.45632934570312
      },
      "obj_name": "car",
      "name_accuracy": 0.8917447328567505
    },
    {
      "contour": {
        "x": 354.0007019042969,
        "y": 340.3026123046875,
        "w": 172.44863891601562,
        "h": 98.95169067382812
      },
      "obj_name": "car",
      "name_accuracy": 0.8910471200942993
    }
  ]
}