{
  "image_filename": "video2.mp4_frame0338.jpg",
  "image_dimensions": {
    "width": 848,
    "height": 480
  },
  "objects": [
    {
      "contour": {
        "x": 304.0093688964844,
        "y": 0.19496116042137146,
        "w": 177.23782348632812,
        "h": 73.67489662766457
      },
      "obj_name": "person",
      "name_accuracy": 0.8891165256500244
    },
    {
      "contour": {
        "x": 532.6220703125,
        "y": 0.2810792922973633,
        "w": 203.72540283203125,
        "h": 95.33342266082764
      },
      "obj_name": "person",
      "name_accuracy": 0.8661056160926819
    }
  ]
}