{
  "image_filename": "video2.mp4_frame0334.jpg",
  "image_dimensions": {
    "width": 848,
    "height": 480
  },
  "objects": [
    {
      "contour": {
        "x": 548.434326171875,
        "y": 0.19091758131980896,
        "w": 209.2772216796875,
        "h": 129.07968178391457
      },
      "obj_name": "person",
      "name_accuracy": 0.9135024547576904
    },
    {
      "contour": {
        "x": 312.1662902832031,
        "y": 0.5824775695800781,
        "w": 182.85855102539062,
        "h": 98.15705490112305
      },
      "obj_name": "person",
      "name_accuracy": 0.8954037427902222
    },
    {
      "contour": {
        "x": 187.67137145996094,
        "y": 20.4775390625,
        "w": 37.438934326171875,
        "h": 15.00094985961914
      },
      "obj_name": "car",
      "name_accuracy": 0.4447084367275238
    }
  ]
}