{
  "image_filename": "video2.mp4_frame0177.jpg",
  "image_dimensions": {
    "width": 848,
    "height": 480
  },
  "objects": [
    {
      "contour": {
        "x": 475.02056884765625,
        "y": 302.9309387207031,
        "w": 9.571807861328125,
        "h": 17.508697509765625
      },
      "obj_name": "person",
      "name_accuracy": 0.4540793299674988
    },
    {
      "contour": {
        "x": 364.4698486328125,
        "y": 274.4658508300781,
        "w": 11.3668212890625,
        "h": 31.254119873046875
      },
      "obj_name": "person",
      "name_accuracy": 0.385578989982605
    },
    {
      "contour": {
        "x": 361.642822265625,
        "y": 274.8341064453125,
        "w": 10.75909423828125,
        "h": 31.726715087890625
      },
      "obj_name": "person",
      "name_accuracy": 0.37433362007141113
    }
  ]
}