{
  "image_filename": "video1.mp4_frame0081.jpg",
  "image_dimensions": {
    "width": 848,
    "height": 480
  },
  "objects": [
    {
      "contour": {
        "x": 455.8828125,
        "y": 272.570068359375,
        "w": 127.77593994140625,
        "h": 70.1806640625
      },
      "obj_name": "car",
      "name_accuracy": 0.9036051034927368
    },
    {
      "contour": {
        "x": 572.7322387695312,
        "y": 125.45171356201172,
        "w": 11.44146728515625,
        "h": 32.00501251220703
      },
      "obj_name": "person",
      "name_accuracy": 0.663422703742981
    }
  ]
}