{
  "image_filename": "video2.mp4_frame0275.jpg",
  "image_dimensions": {
    "width": 848,
    "height": 480
  },
  "objects": [
    {
      "contour": {
        "x": 198.5614471435547,
        "y": 241.1004180908203,
        "w": 25.558486938476562,
        "h": 62.53096008300781
      },
      "obj_name": "person",
      "name_accuracy": 0.8101038932800293
    },
    {
      "contour": {
        "x": 216.1864776611328,
        "y": 236.272705078125,
        "w": 25.439483642578125,
        "h": 65.8323974609375
      },
      "obj_name": "person",
      "name_accuracy": 0.7795302867889404
    }
  ]
}