{
  "image_filename": "video2.mp4_frame0274.jpg",
  "image_dimensions": {
    "width": 848,
    "height": 480
  },
  "objects": [
    {
      "contour": {
        "x": 221.92152404785156,
        "y": 211.39669799804688,
        "w": 24.251602172851562,
        "h": 66.41586303710938
      },
      "obj_name": "person",
      "name_accuracy": 0.8147321939468384
    },
    {
      "contour": {
        "x": 203.22146606445312,
        "y": 217.31422424316406,
        "w": 23.923995971679688,
        "h": 61.52436828613281
      },
      "obj_name": "person",
      "name_accuracy": 0.801308274269104
    },
    {
      "contour": {
        "x": 178.7753448486328,
        "y": 264.7765808105469,
        "w": 26.341415405273438,
        "h": 31.153228759765625
      },
      "obj_name": "person",
      "name_accuracy": 0.3993278443813324
    }
  ]
}