{
  "image_filename": "video2.mp4_frame0318.jpg",
  "image_dimensions": {
    "width": 848,
    "height": 480
  },
  "objects": [
    {
      "contour": {
        "x": 677.6563720703125,
        "y": 217.62332153320312,
        "w": 63.1390380859375,
        "h": 36.59397888183594
      },
      "obj_name": "car",
      "name_accuracy": 0.865796685218811
    },
    {
      "contour": {
        "x": 788.1930541992188,
        "y": 200.81507873535156,
        "w": 40.56793212890625,
        "h": 31.028717041015625
      },
      "obj_name": "car",
      "name_accuracy": 0.8231937885284424
    },
    {
      "contour": {
        "x": 703.5327758789062,
        "y": 173.4962615966797,
        "w": 20.91436767578125,
        "h": 12.012664794921875
      },
      "obj_name": "car",
      "name_accuracy": 0.28968244791030884
    }
  ]
}