{
  "image_filename": "video2.mp4_frame0176.jpg",
  "image_dimensions": {
    "width": 848,
    "height": 480
  },
  "objects": [
    {
      "contour": {
        "x": 442.4766845703125,
        "y": 304.932861328125,
        "w": 11.5233154296875,
        "h": 16.23297119140625
      },
      "obj_name": "person",
      "name_accuracy": 0.4192385673522949
    },
    {
      "contour": {
        "x": 730.4796142578125,
        "y": 290.2859802246094,
        "w": 18.67999267578125,
        "h": 14.335296630859375
      },
      "obj_name": "car",
      "name_accuracy": 0.3544946014881134
    },
    {
      "contour": {
        "x": 361.8818054199219,
        "y": 278.64239501953125,
        "w": 8.4415283203125,
        "h": 28.448944091796875
      },
      "obj_name": "person",
      "name_accuracy": 0.2835363447666168
    }
  ]
}