{
  "image_filename": "video1.mp4_frame0038.jpg",
  "image_dimensions": {
    "width": 848,
    "height": 480
  },
  "objects": [
    {
      "contour": {
        "x": 345.5213928222656,
        "y": 340.6890563964844,
        "w": 127.84521484375,
        "h": 133.38616943359375
      },
      "obj_name": "bench",
      "name_accuracy": 0.4390876889228821
    }
  ]
}