{
  "image_filename": "video1.mp4_frame0014.jpg",
  "image_dimensions": {
    "width": 848,
    "height": 480
  },
  "objects": [
    {
      "contour": {
        "x": 273.0638732910156,
        "y": 277.9800720214844,
        "w": 441.7996520996094,
        "h": 64.08468627929688
      },
      "obj_name": "train",
      "name_accuracy": 0.27910345792770386
    }
  ]
}