{
  "image_filename": "video2.mp4_frame0332.jpg",
  "image_dimensions": {
    "width": 848,
    "height": 480
  },
  "objects": [
    {
      "contour": {
        "x": 304.48516845703125,
        "y": 0.9646968841552734,
        "w": 184.11331176757812,
        "h": 192.78887367248535
      },
      "obj_name": "person",
      "name_accuracy": 0.9182103276252747
    },
    {
      "contour": {
        "x": 595.6130981445312,
        "y": 0.833644449710846,
        "w": 139.42083740234375,
        "h": 242.3824047446251
      },
      "obj_name": "person",
      "name_accuracy": 0.8825363516807556
    },
    {
      "contour": {
        "x": 541.7257080078125,
        "y": 28.061599731445312,
        "w": 25.64727783203125,
        "h": 11.183547973632812
      },
      "obj_name": "car",
      "name_accuracy": 0.4440399408340454
    },
    {
      "contour": {
        "x": 585.4254150390625,
        "y": 32.047325134277344,
        "w": 27.35333251953125,
        "h": 11.819805145263672
      },
      "obj_name": "car",
      "name_accuracy": 0.37332725524902344
    }
  ]
}