{
  "image_filename": "video2.mp4_frame0255.jpg",
  "image_dimensions": {
    "width": 848,
    "height": 480
  },
  "objects": [
    {
      "contour": {
        "x": 610.7227783203125,
        "y": 327.3065490722656,
        "w": 31.31317138671875,
        "h": 59.997161865234375
      },
      "obj_name": "person",
      "name_accuracy": 0.7084071040153503
    },
    {
      "contour": {
        "x": 634.0730590820312,
        "y": 322.9964294433594,
        "w": 23.9476318359375,
        "h": 77.8865966796875
      },
      "obj_name": "person",
      "name_accuracy": 0.559842050075531
    },
    {
      "contour": {
        "x": 554.0753173828125,
        "y": 383.74237060546875,
        "w": 16.49285888671875,
        "h": 22.01629638671875
      },
      "obj_name": "bird",
      "name_accuracy": 0.33354899287223816
    },
    {
      "contour": {
        "x": 712.2481689453125,
        "y": 2.867640495300293,
        "w": 15.1650390625,
        "h": 22.910210609436035
      },
      "obj_name": "traffic light",
      "name_accuracy": 0.27272728085517883
    }
  ]
}