{
  "image_filename": "video2.mp4_frame0269.jpg",
  "image_dimensions": {
    "width": 848,
    "height": 480
  },
  "objects": [
    {
      "contour": {
        "x": 249.45327758789062,
        "y": 246.46702575683594,
        "w": 29.324127197265625,
        "h": 78.80958557128906
      },
      "obj_name": "person",
      "name_accuracy": 0.8070586323738098
    },
    {
      "contour": {
        "x": 230.54522705078125,
        "y": 256.41729736328125,
        "w": 24.807357788085938,
        "h": 63.578094482421875
      },
      "obj_name": "person",
      "name_accuracy": 0.7881963849067688
    }
  ]
}