{
  "image_filename": "video2.mp4_frame0254.jpg",
  "image_dimensions": {
    "width": 848,
    "height": 480
  },
  "objects": [
    {
      "contour": {
        "x": 622.4581298828125,
        "y": 318.98504638671875,
        "w": 31.83905029296875,
        "h": 63.9674072265625
      },
      "obj_name": "person",
      "name_accuracy": 0.7832857370376587
    },
    {
      "contour": {
        "x": 644.8743896484375,
        "y": 317.4781188964844,
        "w": 24.50384521484375,
        "h": 74.75949096679688
      },
      "obj_name": "person",
      "name_accuracy": 0.6386175155639648
    },
    {
      "contour": {
        "x": 761.7250366210938,
        "y": 249.1607666015625,
        "w": 11.35858154296875,
        "h": 23.13751220703125
      },
      "obj_name": "person",
      "name_accuracy": 0.27799198031425476
    },
    {
      "contour": {
        "x": 592.1347045898438,
        "y": 354.6507873535156,
        "w": 26.44061279296875,
        "h": 23.189208984375
      },
      "obj_name": "person",
      "name_accuracy": 0.2698817551136017
    }
  ]
}