{
  "image_filename": "video2.mp4_frame0265.jpg",
  "image_dimensions": {
    "width": 848,
    "height": 480
  },
  "objects": [
    {
      "contour": {
        "x": 586.9754028320312,
        "y": 281.9031982421875,
        "w": 36.602783203125,
        "h": 63.829925537109375
      },
      "obj_name": "person",
      "name_accuracy": 0.706186830997467
    },
    {
      "contour": {
        "x": 616.6930541992188,
        "y": 277.0392150878906,
        "w": 26.89276123046875,
        "h": 80.54391479492188
      },
      "obj_name": "person",
      "name_accuracy": 0.697149932384491
    },
    {
      "contour": {
        "x": 726.6903686523438,
        "y": 182.58123779296875,
        "w": 9.8863525390625,
        "h": 21.940994262695312
      },
      "obj_name": "person",
      "name_accuracy": 0.3884388208389282
    },
    {
      "contour": {
        "x": 12.735980033874512,
        "y": 25.968067169189453,
        "w": 831.3511171340942,
        "h": 447.92744064331055
      },
      "obj_name": "airplane",
      "name_accuracy": 0.25074538588523865
    }
  ]
}