{
  "image_filename": "video2.mp4_frame0252.jpg",
  "image_dimensions": {
    "width": 848,
    "height": 480
  },
  "objects": [
    {
      "contour": {
        "x": 632.6473388671875,
        "y": 400.622314453125,
        "w": 33.88006591796875,
        "h": 60.01116943359375
      },
      "obj_name": "person",
      "name_accuracy": 0.763113260269165
    },
    {
      "contour": {
        "x": 657.041259765625,
        "y": 399.1446838378906,
        "w": 27.185791015625,
        "h": 69.8148193359375
      },
      "obj_name": "person",
      "name_accuracy": 0.7104668617248535
    },
    {
      "contour": {
        "x": 575.9579467773438,
        "y": 453.3429870605469,
        "w": 17.93145751953125,
        "h": 26.657012939453125
      },
      "obj_name": "person",
      "name_accuracy": 0.29711052775382996
    },
    {
      "contour": {
        "x": 595.861083984375,
        "y": 435.4872741699219,
        "w": 12.4322509765625,
        "h": 28.7301025390625
      },
      "obj_name": "person",
      "name_accuracy": 0.274749219417572
    }
  ]
}