{
  "image_filename": "video2.mp4_frame0259.jpg",
  "image_dimensions": {
    "width": 848,
    "height": 480
  },
  "objects": [
    {
      "contour": {
        "x": 581.7958374023438,
        "y": 289.5099792480469,
        "w": 28.33123779296875,
        "h": 62.17291259765625
      },
      "obj_name": "person",
      "name_accuracy": 0.7500045895576477
    },
    {
      "contour": {
        "x": 600.5462646484375,
        "y": 284.12591552734375,
        "w": 27.31243896484375,
        "h": 76.60189819335938
      },
      "obj_name": "person",
      "name_accuracy": 0.7164542078971863
    },
    {
      "contour": {
        "x": 551.1940307617188,
        "y": 325.3750915527344,
        "w": 26.069580078125,
        "h": 22.907257080078125
      },
      "obj_name": "person",
      "name_accuracy": 0.3537087142467499
    }
  ]
}