{
  "image_filename": "video2.mp4_frame0170.jpg",
  "image_dimensions": {
    "width": 848,
    "height": 480
  },
  "objects": [
    {
      "contour": {
        "x": 438.0422668457031,
        "y": 287.3453063964844,
        "w": 43.851318359375,
        "h": 23.619842529296875
      },
      "obj_name": "car",
      "name_accuracy": 0.7444615364074707
    },
    {
      "contour": {
        "x": 734.326416015625,
        "y": 285.9520568847656,
        "w": 24.09521484375,
        "h": 13.95550537109375
      },
      "obj_name": "car",
      "name_accuracy": 0.5279691815376282
    },
    {
      "contour": {
        "x": 482.127197265625,
        "y": 280.2707214355469,
        "w": 40.6248779296875,
        "h": 16.75360107421875
      },
      "obj_name": "car",
      "name_accuracy": 0.2734466791152954
    }
  ]
}