{
  "image_filename": "video2.mp4_frame0279.jpg",
  "image_dimensions": {
    "width": 848,
    "height": 480
  },
  "objects": [
    {
      "contour": {
        "x": 177.32830810546875,
        "y": 426.9707336425781,
        "w": 24.403884887695312,
        "h": 52.924285888671875
      },
      "obj_name": "person",
      "name_accuracy": 0.7896636724472046
    },
    {
      "contour": {
        "x": 179.80850219726562,
        "y": 28.446062088012695,
        "w": 39.61558532714844,
        "h": 16.717905044555664
      },
      "obj_name": "car",
      "name_accuracy": 0.7697531580924988
    },
    {
      "contour": {
        "x": 195.32371520996094,
        "y": 420.401123046875,
        "w": 25.581893920898438,
        "h": 59.090606689453125
      },
      "obj_name": "person",
      "name_accuracy": 0.7177766561508179
    }
  ]
}