{
  "image_filename": "video2.mp4_frame0261.jpg",
  "image_dimensions": {
    "width": 848,
    "height": 480
  },
  "objects": [
    {
      "contour": {
        "x": 637.9486694335938,
        "y": 384.5213928222656,
        "w": 33.00738525390625,
        "h": 76.77203369140625
      },
      "obj_name": "person",
      "name_accuracy": 0.762627899646759
    },
    {
      "contour": {
        "x": 612.6332397460938,
        "y": 388.71014404296875,
        "w": 37.02294921875,
        "h": 61.119171142578125
      },
      "obj_name": "person",
      "name_accuracy": 0.7451401948928833
    }
  ]
}