{
  "image_filename": "video1.mp4_frame0080.jpg",
  "image_dimensions": {
    "width": 848,
    "height": 480
  },
  "objects": [
    {
      "contour": {
        "x": 780.950439453125,
        "y": 236.94981384277344,
        "w": 66.8463134765625,
        "h": 46.93803405761719
      },
      "obj_name": "car",
      "name_accuracy": 0.8513284921646118
    },
    {
      "contour": {
        "x": 544.28173828125,
        "y": 122.8790512084961,
        "w": 13.46490478515625,
        "h": 34.175819396972656
      },
      "obj_name": "person",
      "name_accuracy": 0.49561938643455505
    },
    {
      "contour": {
        "x": 784.28173828125,
        "y": 131.3263702392578,
        "w": 21.17462158203125,
        "h": 18.853591918945312
      },
      "obj_name": "car",
      "name_accuracy": 0.3145543038845062
    },
    {
      "contour": {
        "x": 783.9933471679688,
        "y": 130.53077697753906,
        "w": 21.1783447265625,
        "h": 19.95501708984375
      },
      "obj_name": "truck",
      "name_accuracy": 0.27827882766723633
    }
  ]
}