{
  "image_filename": "video2.mp4_frame0241.jpg",
  "image_dimensions": {
    "width": 848,
    "height": 480
  },
  "objects": [
    {
      "contour": {
        "x": 483.6444091796875,
        "y": 364.0772705078125,
        "w": 23.37786865234375,
        "h": 12.70379638671875
      },
      "obj_name": "car",
      "name_accuracy": 0.5878733396530151
    },
    {
      "contour": {
        "x": 324.2093200683594,
        "y": 369.8462829589844,
        "w": 22.776519775390625,
        "h": 10.476898193359375
      },
      "obj_name": "car",
      "name_accuracy": 0.3498944640159607
    }
  ]
}