{
  "image_filename": "video2.mp4_frame0163.jpg",
  "image_dimensions": {
    "width": 848,
    "height": 480
  },
  "objects": [
    {
      "contour": {
        "x": 225.8712921142578,
        "y": 300.0220947265625,
        "w": 47.82603454589844,
        "h": 18.163665771484375
      },
      "obj_name": "car",
      "name_accuracy": 0.7220374345779419
    },
    {
      "contour": {
        "x": 832.482666015625,
        "y": 289.74407958984375,
        "w": 15.18511962890625,
        "h": 14.309661865234375
      },
      "obj_name": "car",
      "name_accuracy": 0.3633168041706085
    },
    {
      "contour": {
        "x": 374.55511474609375,
        "y": 275.0802001953125,
        "w": 7.817840576171875,
        "h": 25.764556884765625
      },
      "obj_name": "person",
      "name_accuracy": 0.32373857498168945
    },
    {
      "contour": {
        "x": 746.8878784179688,
        "y": 285.1147766113281,
        "w": 20.5960693359375,
        "h": 11.769256591796875
      },
      "obj_name": "car",
      "name_accuracy": 0.27917954325675964
    }
  ]
}