{
  "image_filename": "video2.mp4_frame0242.jpg",
  "image_dimensions": {
    "width": 848,
    "height": 480
  },
  "objects": [
    {
      "contour": {
        "x": 648.8980712890625,
        "y": 364.4290466308594,
        "w": 22.575439453125,
        "h": 12.473724365234375
      },
      "obj_name": "car",
      "name_accuracy": 0.5970904231071472
    },
    {
      "contour": {
        "x": 495.49993896484375,
        "y": 368.3800048828125,
        "w": 21.52899169921875,
        "h": 10.584625244140625
      },
      "obj_name": "car",
      "name_accuracy": 0.5888344049453735
    }
  ]
}