{
  "image_filename": "video2.mp4_frame0337.jpg",
  "image_dimensions": {
    "width": 848,
    "height": 480
  },
  "objects": [
    {
      "contour": {
        "x": 533.2726440429688,
        "y": 0.2950195372104645,
        "w": 203.971435546875,
        "h": 96.73628386855125
      },
      "obj_name": "person",
      "name_accuracy": 0.8957931399345398
    },
    {
      "contour": {
        "x": 306.9039306640625,
        "y": 0.16362342238426208,
        "w": 176.2022705078125,
        "h": 73.95863762497902
      },
      "obj_name": "person",
      "name_accuracy": 0.8951890468597412
    },
    {
      "contour": {
        "x": 106.79739379882812,
        "y": 7.816094398498535,
        "w": 116.30149841308594,
        "h": 45.35035991668701
      },
      "obj_name": "car",
      "name_accuracy": 0.8629559278488159
    }
  ]
}