{
  "image_filename": "video2.mp4_frame0271.jpg",
  "image_dimensions": {
    "width": 848,
    "height": 480
  },
  "objects": [
    {
      "contour": {
        "x": 227.32945251464844,
        "y": 247.61236572265625,
        "w": 31.254501342773438,
        "h": 78.49655151367188
      },
      "obj_name": "person",
      "name_accuracy": 0.8220433592796326
    },
    {
      "contour": {
        "x": 209.06613159179688,
        "y": 258.544189453125,
        "w": 25.752182006835938,
        "h": 64.4298095703125
      },
      "obj_name": "person",
      "name_accuracy": 0.8008291125297546
    },
    {
      "contour": {
        "x": 185.24609375,
        "y": 307.8663024902344,
        "w": 23.266525268554688,
        "h": 29.1866455078125
      },
      "obj_name": "person",
      "name_accuracy": 0.2956232726573944
    }
  ]
}