{
  "image_filename": "video2.mp4_frame0165.jpg",
  "image_dimensions": {
    "width": 848,
    "height": 480
  },
  "objects": [
    {
      "contour": {
        "x": 700.5720825195312,
        "y": 284.4005126953125,
        "w": 30.43133544921875,
        "h": 18.41534423828125
      },
      "obj_name": "car",
      "name_accuracy": 0.6378235816955566
    },
    {
      "contour": {
        "x": 556.85888671875,
        "y": 293.265380859375,
        "w": 27.37677001953125,
        "h": 11.676971435546875
      },
      "obj_name": "car",
      "name_accuracy": 0.43954741954803467
    },
    {
      "contour": {
        "x": 663.5658569335938,
        "y": 302.76409912109375,
        "w": 14.43914794921875,
        "h": 19.97845458984375
      },
      "obj_name": "person",
      "name_accuracy": 0.38206183910369873
    },
    {
      "contour": {
        "x": 742.0205078125,
        "y": 285.20306396484375,
        "w": 23.09228515625,
        "h": 13.424346923828125
      },
      "obj_name": "car",
      "name_accuracy": 0.28754934668540955
    }
  ]
}