{
  "image_filename": "video2.mp4_frame0243.jpg",
  "image_dimensions": {
    "width": 848,
    "height": 480
  },
  "objects": [
    {
      "contour": {
        "x": 615.7234497070312,
        "y": 457.007080078125,
        "w": 51.53912353515625,
        "h": 22.879058837890625
      },
      "obj_name": "car",
      "name_accuracy": 0.7054018974304199
    },
    {
      "contour": {
        "x": 598.2737426757812,
        "y": 368.1639404296875,
        "w": 20.71087646484375,
        "h": 9.910003662109375
      },
      "obj_name": "car",
      "name_accuracy": 0.6157031655311584
    },
    {
      "contour": {
        "x": 745.5131225585938,
        "y": 363.3775329589844,
        "w": 22.00030517578125,
        "h": 12.6968994140625
      },
      "obj_name": "car",
      "name_accuracy": 0.5328450798988342
    }
  ]
}