{
  "image_filename": "video1.mp4_frame0110.jpg",
  "image_dimensions": {
    "width": 848,
    "height": 480
  },
  "objects": [
    {
      "contour": {
        "x": 520.244140625,
        "y": 191.73236083984375,
        "w": 130.31329345703125,
        "h": 67.598388671875
      },
      "obj_name": "car",
      "name_accuracy": 0.889104425907135
    },
    {
      "contour": {
        "x": 786.1953125,
        "y": 48.46662139892578,
        "w": 21.00592041015625,
        "h": 17.748458862304688
      },
      "obj_name": "car",
      "name_accuracy": 0.3962796628475189
    }
  ]
}