{
  "image_filename": "video2.mp4_frame0308.jpg",
  "image_dimensions": {
    "width": 848,
    "height": 480
  },
  "objects": [
    {
      "contour": {
        "x": 740.900634765625,
        "y": 175.04310607910156,
        "w": 25.09637451171875,
        "h": 15.924423217773438
      },
      "obj_name": "car",
      "name_accuracy": 0.42660313844680786
    },
    {
      "contour": {
        "x": 606.1619262695312,
        "y": 207.72483825683594,
        "w": 17.15985107421875,
        "h": 23.044448852539062
      },
      "obj_name": "person",
      "name_accuracy": 0.3731321692466736
    },
    {
      "contour": {
        "x": 608.8421630859375,
        "y": 207.45068359375,
        "w": 18.78131103515625,
        "h": 22.9818115234375
      },
      "obj_name": "person",
      "name_accuracy": 0.2600255012512207
    }
  ]
}