{
  "image_filename": "video2.mp4_frame0260.jpg",
  "image_dimensions": {
    "width": 848,
    "height": 480
  },
  "objects": [
    {
      "contour": {
        "x": 603.6070556640625,
        "y": 379.1221618652344,
        "w": 35.26531982421875,
        "h": 64.01004028320312
      },
      "obj_name": "person",
      "name_accuracy": 0.7886549234390259
    },
    {
      "contour": {
        "x": 630.4036865234375,
        "y": 374.681884765625,
        "w": 30.1165771484375,
        "h": 81.6282958984375
      },
      "obj_name": "person",
      "name_accuracy": 0.7357076406478882
    }
  ]
}