{
  "image_filename": "video1.mp4_frame0085.jpg",
  "image_dimensions": {
    "width": 848,
    "height": 480
  },
  "objects": [
    {
      "contour": {
        "x": 689.3294067382812,
        "y": 246.9534149169922,
        "w": 104.898193359375,
        "h": 57.84599304199219
      },
      "obj_name": "car",
      "name_accuracy": 0.8649889826774597
    },
    {
      "contour": {
        "x": 774.154052734375,
        "y": 246.37887573242188,
        "w": 28.56610107421875,
        "h": 32.712310791015625
      },
      "obj_name": "motorcycle",
      "name_accuracy": 0.434260755777359
    },
    {
      "contour": {
        "x": 675.9564819335938,
        "y": 124.29563903808594,
        "w": 9.41357421875,
        "h": 17.7847900390625
      },
      "obj_name": "person",
      "name_accuracy": 0.3964661955833435
    }
  ]
}