{
  "image_filename": "video2.mp4_frame0336.jpg",
  "image_dimensions": {
    "width": 848,
    "height": 480
  },
  "objects": [
    {
      "contour": {
        "x": 535.4989624023438,
        "y": 0.1970537155866623,
        "w": 202.60101318359375,
        "h": 96.91429729759693
      },
      "obj_name": "person",
      "name_accuracy": 0.8978089690208435
    },
    {
      "contour": {
        "x": 307.5574035644531,
        "y": 0.043579671531915665,
        "w": 176.75723266601562,
        "h": 74.25775089487433
      },
      "obj_name": "person",
      "name_accuracy": 0.8543512225151062
    },
    {
      "contour": {
        "x": 69.16602325439453,
        "y": 28.094270706176758,
        "w": 46.285560607910156,
        "h": 19.595972061157227
      },
      "obj_name": "car",
      "name_accuracy": 0.5672554969787598
    },
    {
      "contour": {
        "x": 27.4462833404541,
        "y": 35.94157028198242,
        "w": 27.848508834838867,
        "h": 15.430328369140625
      },
      "obj_name": "car",
      "name_accuracy": 0.5398932695388794
    }
  ]
}