{
  "image_filename": "video2.mp4_frame0154.jpg",
  "image_dimensions": {
    "width": 848,
    "height": 480
  },
  "objects": [
    {
      "contour": {
        "x": 745.5755615234375,
        "y": 293.57611083984375,
        "w": 47.11834716796875,
        "h": 30.274749755859375
      },
      "obj_name": "car",
      "name_accuracy": 0.8350995182991028
    },
    {
      "contour": {
        "x": 517.0465698242188,
        "y": 280.45147705078125,
        "w": 28.17047119140625,
        "h": 15.4083251953125
      },
      "obj_name": "car",
      "name_accuracy": 0.7257096171379089
    }
  ]
}