{
  "image_filename": "video2.mp4_frame0333.jpg",
  "image_dimensions": {
    "width": 848,
    "height": 480
  },
  "objects": [
    {
      "contour": {
        "x": 535.186279296875,
        "y": 0.5615520477294922,
        "w": 206.75238037109375,
        "h": 106.53623390197754
      },
      "obj_name": "person",
      "name_accuracy": 0.920967161655426
    },
    {
      "contour": {
        "x": 306.23651123046875,
        "y": 0.2755623161792755,
        "w": 177.2740478515625,
        "h": 81.07984539866447
      },
      "obj_name": "person",
      "name_accuracy": 0.8435785174369812
    },
    {
      "contour": {
        "x": 481.51788330078125,
        "y": 0.16038855910301208,
        "w": 47.74658203125,
        "h": 68.35884514451027
      },
      "obj_name": "person",
      "name_accuracy": 0.269936740398407
    }
  ]
}