{
  "image_filename": "video2.mp4_frame0172.jpg",
  "image_dimensions": {
    "width": 848,
    "height": 480
  },
  "objects": [
    {
      "contour": {
        "x": 226.25013732910156,
        "y": 296.45660400390625,
        "w": 61.83601379394531,
        "h": 25.0980224609375
      },
      "obj_name": "car",
      "name_accuracy": 0.7522303462028503
    }
  ]
}