{
  "image_filename": "video1.mp4_frame0119.jpg",
  "image_dimensions": {
    "width": 848,
    "height": 480
  },
  "objects": [
    {
      "contour": {
        "x": 605.8890991210938,
        "y": 115.73457336425781,
        "w": 42.03948974609375,
        "h": 61.17866516113281
      },
      "obj_name": "person",
      "name_accuracy": 0.6812799572944641
    },
    {
      "contour": {
        "x": 585.5364379882812,
        "y": 138.91195678710938,
        "w": 76.7822265625,
        "h": 49.239227294921875
      },
      "obj_name": "motorcycle",
      "name_accuracy": 0.6520103216171265
    },
    {
      "contour": {
        "x": 826.3933715820312,
        "y": 180.0034637451172,
        "w": 21.28216552734375,
        "h": 63.34815979003906
      },
      "obj_name": "person",
      "name_accuracy": 0.631224513053894
    },
    {
      "contour": {
        "x": 585.5350952148438,
        "y": 140.77386474609375,
        "w": 76.01605224609375,
        "h": 47.53388977050781
      },
      "obj_name": "bicycle",
      "name_accuracy": 0.577450692653656
    }
  ]
}