{
  "image_filename": "video2.mp4_frame0246.jpg",
  "image_dimensions": {
    "width": 848,
    "height": 480
  },
  "objects": [
    {
      "contour": {
        "x": 700.112548828125,
        "y": 398.879150390625,
        "w": 10.3739013671875,
        "h": 16.333221435546875
      },
      "obj_name": "person",
      "name_accuracy": 0.48466092348098755
    },
    {
      "contour": {
        "x": 764.6126708984375,
        "y": 404.8024597167969,
        "w": 16.18353271484375,
        "h": 26.59527587890625
      },
      "obj_name": "traffic light",
      "name_accuracy": 0.25913918018341064
    }
  ]
}