{
  "image_filename": "video1.mp4_frame0102.jpg",
  "image_dimensions": {
    "width": 848,
    "height": 480
  },
  "objects": [
    {
      "contour": {
        "x": 353.7548522949219,
        "y": 391.6401062011719,
        "w": 126.97396850585938,
        "h": 56.447418212890625
      },
      "obj_name": "boat",
      "name_accuracy": 0.43252772092819214
    },
    {
      "contour": {
        "x": 780.7111206054688,
        "y": 438.8753356933594,
        "w": 22.75726318359375,
        "h": 19.60919189453125
      },
      "obj_name": "car",
      "name_accuracy": 0.2578968405723572
    }
  ]
}