{
  "image_filename": "video2.mp4_frame0151.jpg",
  "image_dimensions": {
    "width": 848,
    "height": 480
  },
  "objects": [
    {
      "contour": {
        "x": 681.424072265625,
        "y": 269.9985046386719,
        "w": 166.365478515625,
        "h": 206.73745727539062
      },
      "obj_name": "person",
      "name_accuracy": 0.9206839203834534
    },
    {
      "contour": {
        "x": 498.3674011230469,
        "y": 329.70703125,
        "w": 160.91616821289062,
        "h": 148.06390380859375
      },
      "obj_name": "person",
      "name_accuracy": 0.8812940716743469
    },
    {
      "contour": {
        "x": 24.294570922851562,
        "y": 281.5428771972656,
        "w": 52.64939880371094,
        "h": 17.130218505859375
      },
      "obj_name": "car",
      "name_accuracy": 0.6709052324295044
    }
  ]
}