{
  "image_filename": "video1.mp4_frame0113.jpg",
  "image_dimensions": {
    "width": 848,
    "height": 480
  },
  "objects": [
    {
      "contour": {
        "x": 434.255126953125,
        "y": 214.54312133789062,
        "w": 147.5501708984375,
        "h": 82.93243408203125
      },
      "obj_name": "car",
      "name_accuracy": 0.8936179280281067
    }
  ]
}