{
  "image_filename": "video2.mp4_frame0253.jpg",
  "image_dimensions": {
    "width": 848,
    "height": 480
  },
  "objects": [
    {
      "contour": {
        "x": 656.158935546875,
        "y": 323.5558776855469,
        "w": 28.3072509765625,
        "h": 73.8785400390625
      },
      "obj_name": "person",
      "name_accuracy": 0.7161679267883301
    },
    {
      "contour": {
        "x": 632.4595336914062,
        "y": 324.6786193847656,
        "w": 32.17120361328125,
        "h": 61.9598388671875
      },
      "obj_name": "person",
      "name_accuracy": 0.7062452435493469
    },
    {
      "contour": {
        "x": 594.6263427734375,
        "y": 359.3533630371094,
        "w": 13.5277099609375,
        "h": 27.260009765625
      },
      "obj_name": "person",
      "name_accuracy": 0.27245694398880005
    },
    {
      "contour": {
        "x": 605.2243041992188,
        "y": 359.2439270019531,
        "w": 21.5804443359375,
        "h": 23.89593505859375
      },
      "obj_name": "person",
      "name_accuracy": 0.2715546488761902
    }
  ]
}