{
  "image_filename": "video1.mp4_frame0083.jpg",
  "image_dimensions": {
    "width": 848,
    "height": 480
  },
  "objects": [
    {
      "contour": {
        "x": 424.165283203125,
        "y": 276.38824462890625,
        "w": 154.69586181640625,
        "h": 77.4580078125
      },
      "obj_name": "car",
      "name_accuracy": 0.9042296409606934
    },
    {
      "contour": {
        "x": 777.1123046875,
        "y": 279.360107421875,
        "w": 70.63568115234375,
        "h": 63.822662353515625
      },
      "obj_name": "car",
      "name_accuracy": 0.8824310898780823
    },
    {
      "contour": {
        "x": 622.3584594726562,
        "y": 126.4631576538086,
        "w": 15.5316162109375,
        "h": 33.330894470214844
      },
      "obj_name": "person",
      "name_accuracy": 0.6470507383346558
    }
  ]
}