{
  "image_filename": "video2.mp4_frame0152.jpg",
  "image_dimensions": {
    "width": 848,
    "height": 480
  },
  "objects": [
    {
      "contour": {
        "x": 168.1183624267578,
        "y": 309.3724670410156,
        "w": 156.60780334472656,
        "h": 65.53741455078125
      },
      "obj_name": "car",
      "name_accuracy": 0.9022946357727051
    },
    {
      "contour": {
        "x": 604.6273803710938,
        "y": 276.21002197265625,
        "w": 30.5858154296875,
        "h": 13.138153076171875
      },
      "obj_name": "car",
      "name_accuracy": 0.5835262537002563
    }
  ]
}