{
  "image_filename": "video2.mp4_frame0266.jpg",
  "image_dimensions": {
    "width": 848,
    "height": 480
  },
  "objects": [
    {
      "contour": {
        "x": 495.3921203613281,
        "y": 250.39857482910156,
        "w": 32.089019775390625,
        "h": 64.52973937988281
      },
      "obj_name": "person",
      "name_accuracy": 0.8189846277236938
    },
    {
      "contour": {
        "x": 521.4005737304688,
        "y": 242.98898315429688,
        "w": 23.84490966796875,
        "h": 79.4278564453125
      },
      "obj_name": "person",
      "name_accuracy": 0.7667528986930847
    },
    {
      "contour": {
        "x": 626.8267822265625,
        "y": 144.2044219970703,
        "w": 14.23406982421875,
        "h": 24.274490356445312
      },
      "obj_name": "person",
      "name_accuracy": 0.42942729592323303
    }
  ]
}