{
  "image_filename": "video1.mp4_frame0071.jpg",
  "image_dimensions": {
    "width": 848,
    "height": 480
  },
  "objects": [
    {
      "contour": {
        "x": 226.51681518554688,
        "y": 121.50872039794922,
        "w": 22.108016967773438,
        "h": 39.116127014160156
      },
      "obj_name": "person",
      "name_accuracy": 0.715566098690033
    }
  ]
}