{
  "image_filename": "video1.mp4_frame0051.jpg",
  "image_dimensions": {
    "width": 848,
    "height": 480
  },
  "objects": [
    {
      "contour": {
        "x": 42.23299789428711,
        "y": 329.75372314453125,
        "w": 805.2358131408691,
        "h": 143.57171630859375
      },
      "obj_name": "airplane",
      "name_accuracy": 0.3853457272052765
    },
    {
      "contour": {
        "x": 762.8768310546875,
        "y": 143.67764282226562,
        "w": 30.72052001953125,
        "h": 14.050949096679688
      },
      "obj_name": "car",
      "name_accuracy": 0.3252517282962799
    },
    {
      "contour": {
        "x": 762.4735717773438,
        "y": 144.03594970703125,
        "w": 22.97613525390625,
        "h": 13.023834228515625
      },
      "obj_name": "car",
      "name_accuracy": 0.2508595585823059
    }
  ]
}