{
  "image_filename": "video2.mp4_frame0276.jpg",
  "image_dimensions": {
    "width": 848,
    "height": 480
  },
  "objects": [
    {
      "contour": {
        "x": 212.10360717773438,
        "y": 141.86264038085938,
        "w": 25.111160278320312,
        "h": 67.40225219726562
      },
      "obj_name": "person",
      "name_accuracy": 0.7974877953529358
    },
    {
      "contour": {
        "x": 193.55941772460938,
        "y": 148.5817413330078,
        "w": 25.75152587890625,
        "h": 62.50315856933594
      },
      "obj_name": "person",
      "name_accuracy": 0.7561472058296204
    }
  ]
}