{
  "image_filename": "video2.mp4_frame0258.jpg",
  "image_dimensions": {
    "width": 848,
    "height": 480
  },
  "objects": [
    {
      "contour": {
        "x": 593.0701293945312,
        "y": 307.6003723144531,
        "w": 31.76971435546875,
        "h": 62.11328125
      },
      "obj_name": "person",
      "name_accuracy": 0.8179494142532349
    },
    {
      "contour": {
        "x": 617.3059692382812,
        "y": 304.05157470703125,
        "w": 26.586181640625,
        "h": 75.31039428710938
      },
      "obj_name": "person",
      "name_accuracy": 0.7670654654502869
    },
    {
      "contour": {
        "x": 731.7786254882812,
        "y": 28.540237426757812,
        "w": 34.49786376953125,
        "h": 20.762737274169922
      },
      "obj_name": "car",
      "name_accuracy": 0.6546781063079834
    },
    {
      "contour": {
        "x": 731.345947265625,
        "y": 234.0733642578125,
        "w": 10.43927001953125,
        "h": 22.20892333984375
      },
      "obj_name": "person",
      "name_accuracy": 0.26253199577331543
    }
  ]
}