{
  "image_filename": "video2.mp4_frame0182.jpg",
  "image_dimensions": {
    "width": 848,
    "height": 480
  },
  "objects": [
    {
      "contour": {
        "x": 1.2332106828689575,
        "y": 83.34172058105469,
        "w": 614.8452194929123,
        "h": 384.83485412597656
      },
      "obj_name": "train",
      "name_accuracy": 0.3940873146057129
    },
    {
      "contour": {
        "x": 685.20654296875,
        "y": 335.4552307128906,
        "w": 17.55816650390625,
        "h": 14.579864501953125
      },
      "obj_name": "cow",
      "name_accuracy": 0.31979894638061523
    }
  ]
}