{
  "image_filename": "video2.mp4_frame0248.jpg",
  "image_dimensions": {
    "width": 848,
    "height": 480
  },
  "objects": [
    {
      "contour": {
        "x": 704.4624633789062,
        "y": 278.9162902832031,
        "w": 20.4239501953125,
        "h": 9.7103271484375
      },
      "obj_name": "car",
      "name_accuracy": 0.4886989891529083
    },
    {
      "contour": {
        "x": 764.5665283203125,
        "y": 325.2062072753906,
        "w": 14.947998046875,
        "h": 23.544952392578125
      },
      "obj_name": "traffic light",
      "name_accuracy": 0.3778013586997986
    },
    {
      "contour": {
        "x": 787.3888549804688,
        "y": 328.0894470214844,
        "w": 8.9024658203125,
        "h": 18.8448486328125
      },
      "obj_name": "person",
      "name_accuracy": 0.26580220460891724
    }
  ]
}