{
  "image_filename": "video1.mp4_frame0096.jpg",
  "image_dimensions": {
    "width": 848,
    "height": 480
  },
  "objects": [
    {
      "contour": {
        "x": 783.7891845703125,
        "y": 354.7029113769531,
        "w": 21.06475830078125,
        "h": 19.844512939453125
      },
      "obj_name": "car",
      "name_accuracy": 0.3434004485607147
    }
  ]
}