{
  "image_filename": "video2.mp4_frame0153.jpg",
  "image_dimensions": {
    "width": 848,
    "height": 480
  },
  "objects": [
    {
      "contour": {
        "x": 576.798095703125,
        "y": 303.8530578613281,
        "w": 85.23828125,
        "h": 42.428955078125
      },
      "obj_name": "car",
      "name_accuracy": 0.8674455881118774
    },
    {
      "contour": {
        "x": 554.00146484375,
        "y": 279.72833251953125,
        "w": 28.39239501953125,
        "h": 14.275115966796875
      },
      "obj_name": "car",
      "name_accuracy": 0.6564875245094299
    },
    {
      "contour": {
        "x": 361.02044677734375,
        "y": 283.2308044433594,
        "w": 10.65338134765625,
        "h": 15.281402587890625
      },
      "obj_name": "person",
      "name_accuracy": 0.4009106159210205
    },
    {
      "contour": {
        "x": 65.1815414428711,
        "y": 263.1185607910156,
        "w": 10.153533935546875,
        "h": 25.996978759765625
      },
      "obj_name": "person",
      "name_accuracy": 0.28129076957702637
    }
  ]
}