{
  "image_filename": "video1.mp4_frame0088.jpg",
  "image_dimensions": {
    "width": 848,
    "height": 480
  },
  "objects": [
    {
      "contour": {
        "x": 734.7561645507812,
        "y": 114.928466796875,
        "w": 11.7490234375,
        "h": 29.307571411132812
      },
      "obj_name": "person",
      "name_accuracy": 0.4241538643836975
    },
    {
      "contour": {
        "x": 735.4956665039062,
        "y": 115.60977935791016,
        "w": 11.2783203125,
        "h": 22.101417541503906
      },
      "obj_name": "person",
      "name_accuracy": 0.34695929288864136
    }
  ]
}