{
  "image_filename": "video1.mp4_frame0078.jpg",
  "image_dimensions": {
    "width": 848,
    "height": 480
  },
  "objects": [
    {
      "contour": {
        "x": 482.978271484375,
        "y": 122.13585662841797,
        "w": 16.0504150390625,
        "h": 35.956443786621094
      },
      "obj_name": "person",
      "name_accuracy": 0.7280533909797668
    }
  ]
}