{
  "image_filename": "video2.mp4_frame0169.jpg",
  "image_dimensions": {
    "width": 848,
    "height": 480
  },
  "objects": [
    {
      "contour": {
        "x": 512.2250366210938,
        "y": 288.76177978515625,
        "w": 38.19097900390625,
        "h": 19.3538818359375
      },
      "obj_name": "car",
      "name_accuracy": 0.5532474517822266
    },
    {
      "contour": {
        "x": 80.93867492675781,
        "y": 308.39642333984375,
        "w": 41.235992431640625,
        "h": 17.43804931640625
      },
      "obj_name": "car",
      "name_accuracy": 0.5105541348457336
    }
  ]
}