{
  "image_filename": "video2.mp4_frame0245.jpg",
  "image_dimensions": {
    "width": 848,
    "height": 480
  },
  "objects": [
    {
      "contour": {
        "x": 704.6508178710938,
        "y": 364.4674987792969,
        "w": 20.5194091796875,
        "h": 9.74066162109375
      },
      "obj_name": "car",
      "name_accuracy": 0.4521388113498688
    },
    {
      "contour": {
        "x": 666.5079345703125,
        "y": 399.8460693359375,
        "w": 11.53851318359375,
        "h": 16.450836181640625
      },
      "obj_name": "person",
      "name_accuracy": 0.3954654335975647
    }
  ]
}