{
  "image_filename": "video1.mp4_frame0082.jpg",
  "image_dimensions": {
    "width": 848,
    "height": 480
  },
  "objects": [
    {
      "contour": {
        "x": 28.580259323120117,
        "y": 326.1312255859375,
        "w": 138.21068000793457,
        "h": 78.94973754882812
      },
      "obj_name": "car",
      "name_accuracy": 0.8617051839828491
    },
    {
      "contour": {
        "x": 778.6736450195312,
        "y": 240.4338836669922,
        "w": 69.09375,
        "h": 50.64662170410156
      },
      "obj_name": "car",
      "name_accuracy": 0.8545895218849182
    },
    {
      "contour": {
        "x": 596.8489990234375,
        "y": 125.29216003417969,
        "w": 12.308837890625,
        "h": 33.59312438964844
      },
      "obj_name": "person",
      "name_accuracy": 0.659104585647583
    }
  ]
}