{
  "image_filename": "video1.mp4_frame0120.jpg",
  "image_dimensions": {
    "width": 848,
    "height": 480
  },
  "objects": [
    {
      "contour": {
        "x": 767.69287109375,
        "y": 192.33251953125,
        "w": 61.0487060546875,
        "h": 46.49562072753906
      },
      "obj_name": "bicycle",
      "name_accuracy": 0.7694951295852661
    },
    {
      "contour": {
        "x": 785.5845947265625,
        "y": 166.7958984375,
        "w": 36.982421875,
        "h": 57.24163818359375
      },
      "obj_name": "person",
      "name_accuracy": 0.642129123210907
    }
  ]
}