{
  "image_filename": "video2.mp4_frame0240.jpg",
  "image_dimensions": {
    "width": 848,
    "height": 480
  },
  "objects": [
    {
      "contour": {
        "x": 123.7906723022461,
        "y": 360.87567138671875,
        "w": 23.87725067138672,
        "h": 13.66107177734375
      },
      "obj_name": "car",
      "name_accuracy": 0.4450984299182892
    },
    {
      "contour": {
        "x": 491.83233642578125,
        "y": 436.3466491699219,
        "w": 100.19451904296875,
        "h": 42.691131591796875
      },
      "obj_name": "chair",
      "name_accuracy": 0.3601444959640503
    }
  ]
}