{
  "image_filename": "video2.mp4_frame0157.jpg",
  "image_dimensions": {
    "width": 848,
    "height": 480
  },
  "objects": [
    {
      "contour": {
        "x": 775.0656127929688,
        "y": 294.6685791015625,
        "w": 36.2747802734375,
        "h": 25.290802001953125
      },
      "obj_name": "car",
      "name_accuracy": 0.8130484819412231
    },
    {
      "contour": {
        "x": 624.0120849609375,
        "y": 281.0066833496094,
        "w": 38.90277099609375,
        "h": 19.775238037109375
      },
      "obj_name": "car",
      "name_accuracy": 0.5786502361297607
    },
    {
      "contour": {
        "x": 666.4323120117188,
        "y": 278.77691650390625,
        "w": 28.7271728515625,
        "h": 10.6937255859375
      },
      "obj_name": "car",
      "name_accuracy": 0.4479665756225586
    },
    {
      "contour": {
        "x": 61.138954162597656,
        "y": 264.0100402832031,
        "w": 11.095176696777344,
        "h": 26.69927978515625
      },
      "obj_name": "person",
      "name_accuracy": 0.4401509463787079
    }
  ]
}