{
  "image_filename": "video2.mp4_frame0263.jpg",
  "image_dimensions": {
    "width": 848,
    "height": 480
  },
  "objects": [
    {
      "contour": {
        "x": 600.9942626953125,
        "y": 427.1011047363281,
        "w": 34.6275634765625,
        "h": 52.637359619140625
      },
      "obj_name": "person",
      "name_accuracy": 0.8433439135551453
    },
    {
      "contour": {
        "x": 625.99951171875,
        "y": 421.112548828125,
        "w": 28.41302490234375,
        "h": 58.887451171875
      },
      "obj_name": "person",
      "name_accuracy": 0.7886872291564941
    },
    {
      "contour": {
        "x": 747.8704833984375,
        "y": 82.5209732055664,
        "w": 33.43780517578125,
        "h": 22.305557250976562
      },
      "obj_name": "car",
      "name_accuracy": 0.6449242830276489
    },
    {
      "contour": {
        "x": 670.6991577148438,
        "y": 36.38112258911133,
        "w": 17.795166015625,
        "h": 23.145545959472656
      },
      "obj_name": "traffic light",
      "name_accuracy": 0.34803834557533264
    }
  ]
}