{
  "image_filename": "video2.mp4_frame0306.jpg",
  "image_dimensions": {
    "width": 848,
    "height": 480
  },
  "objects": [
    {
      "contour": {
        "x": 753.4634399414062,
        "y": 336.3600158691406,
        "w": 93.9703369140625,
        "h": 138.83685302734375
      },
      "obj_name": "car",
      "name_accuracy": 0.4830489754676819
    },
    {
      "contour": {
        "x": 453.8433837890625,
        "y": 168.22808837890625,
        "w": 10.166778564453125,
        "h": 18.710617065429688
      },
      "obj_name": "person",
      "name_accuracy": 0.3339616656303406
    }
  ]
}