{
  "image_filename": "video1.mp4_frame0087.jpg",
  "image_dimensions": {
    "width": 848,
    "height": 480
  },
  "objects": [
    {
      "contour": {
        "x": 64.33795166015625,
        "y": 353.0754699707031,
        "w": 189.15919494628906,
        "h": 100.66360473632812
      },
      "obj_name": "car",
      "name_accuracy": 0.8964492082595825
    },
    {
      "contour": {
        "x": 0.16523075103759766,
        "y": 321.197021484375,
        "w": 119.00240993499756,
        "h": 64.30859375
      },
      "obj_name": "car",
      "name_accuracy": 0.6389109492301941
    },
    {
      "contour": {
        "x": 713.5795288085938,
        "y": 117.70480346679688,
        "w": 13.37664794921875,
        "h": 27.987228393554688
      },
      "obj_name": "person",
      "name_accuracy": 0.518763542175293
    }
  ]
}