{
  "image_filename": "video2.mp4_frame0168.jpg",
  "image_dimensions": {
    "width": 848,
    "height": 480
  },
  "objects": [
    {
      "contour": {
        "x": 735.1666870117188,
        "y": 288.2522277832031,
        "w": 28.8336181640625,
        "h": 13.471588134765625
      },
      "obj_name": "car",
      "name_accuracy": 0.3704827129840851
    },
    {
      "contour": {
        "x": 561.4525146484375,
        "y": 287.0409851074219,
        "w": 36.09478759765625,
        "h": 20.510955810546875
      },
      "obj_name": "truck",
      "name_accuracy": 0.26433682441711426
    },
    {
      "contour": {
        "x": 263.5344543457031,
        "y": 303.2513732910156,
        "w": 44.41717529296875,
        "h": 20.2276611328125
      },
      "obj_name": "car",
      "name_accuracy": 0.2614321708679199
    }
  ]
}