{
  "image_filename": "video1.mp4_frame0054.jpg",
  "image_dimensions": {
    "width": 848,
    "height": 480
  },
  "objects": [
    {
      "contour": {
        "x": 50.109405517578125,
        "y": 328.0110778808594,
        "w": 796.9572448730469,
        "h": 145.47003173828125
      },
      "obj_name": "airplane",
      "name_accuracy": 0.48506346344947815
    },
    {
      "contour": {
        "x": 760.6104125976562,
        "y": 143.5388641357422,
        "w": 28.1004638671875,
        "h": 13.269210815429688
      },
      "obj_name": "car",
      "name_accuracy": 0.40473878383636475
    }
  ]
}