{
  "image_filename": "video2.mp4_frame0283.jpg",
  "image_dimensions": {
    "width": 848,
    "height": 480
  },
  "objects": [
    {
      "contour": {
        "x": 167.90980529785156,
        "y": 104.13109588623047,
        "w": 24.290740966796875,
        "h": 12.115249633789062
      },
      "obj_name": "car",
      "name_accuracy": 0.2776068449020386
    },
    {
      "contour": {
        "x": 799.8497924804688,
        "y": 208.48037719726562,
        "w": 15.16790771484375,
        "h": 46.533355712890625
      },
      "obj_name": "bottle",
      "name_accuracy": 0.2676834464073181
    }
  ]
}