{
  "image_filename": "video2.mp4_frame0262.jpg",
  "image_dimensions": {
    "width": 848,
    "height": 480
  },
  "objects": [
    {
      "contour": {
        "x": 601.4715576171875,
        "y": 386.2424621582031,
        "w": 38.75103759765625,
        "h": 62.382720947265625
      },
      "obj_name": "person",
      "name_accuracy": 0.7037811279296875
    },
    {
      "contour": {
        "x": 629.397216796875,
        "y": 382.3665466308594,
        "w": 29.95611572265625,
        "h": 76.79733276367188
      },
      "obj_name": "person",
      "name_accuracy": 0.6392168998718262
    }
  ]
}