{
  "image_filename": "video2.mp4_frame0164.jpg",
  "image_dimensions": {
    "width": 848,
    "height": 480
  },
  "objects": [
    {
      "contour": {
        "x": 64.07970428466797,
        "y": 301.39410400390625,
        "w": 48.8472900390625,
        "h": 18.87188720703125
      },
      "obj_name": "car",
      "name_accuracy": 0.804067850112915
    },
    {
      "contour": {
        "x": 60.81493377685547,
        "y": 269.2243347167969,
        "w": 10.067031860351562,
        "h": 27.959716796875
      },
      "obj_name": "person",
      "name_accuracy": 0.25931572914123535
    },
    {
      "contour": {
        "x": 738.1611938476562,
        "y": 284.1199035644531,
        "w": 23.49285888671875,
        "h": 12.0897216796875
      },
      "obj_name": "car",
      "name_accuracy": 0.256667822599411
    },
    {
      "contour": {
        "x": 766.856201171875,
        "y": 282.9621276855469,
        "w": 28.55963134765625,
        "h": 15.39471435546875
      },
      "obj_name": "car",
      "name_accuracy": 0.2518506944179535
    }
  ]
}