{
  "image_filename": "video1.mp4_frame0089.jpg",
  "image_dimensions": {
    "width": 848,
    "height": 480
  },
  "objects": [
    {
      "contour": {
        "x": 753.8491821289062,
        "y": 119.2798080444336,
        "w": 9.212890625,
        "h": 18.95801544189453
      },
      "obj_name": "person",
      "name_accuracy": 0.6467623710632324
    },
    {
      "contour": {
        "x": 753.1983642578125,
        "y": 119.26002502441406,
        "w": 10.67230224609375,
        "h": 26.867645263671875
      },
      "obj_name": "person",
      "name_accuracy": 0.34274089336395264
    },
    {
      "contour": {
        "x": 609.1885375976562,
        "y": 35.04706573486328,
        "w": 18.53515625,
        "h": 11.921783447265625
      },
      "obj_name": "car",
      "name_accuracy": 0.25417545437812805
    }
  ]
}