{
  "image_filename": "video2.mp4_frame0335.jpg",
  "image_dimensions": {
    "width": 848,
    "height": 480
  },
  "objects": [
    {
      "contour": {
        "x": 535.9611206054688,
        "y": 0.18740977346897125,
        "w": 204.2861328125,
        "h": 97.92803059518337
      },
      "obj_name": "person",
      "name_accuracy": 0.9098244905471802
    },
    {
      "contour": {
        "x": 311.1922912597656,
        "y": 0.14279647171497345,
        "w": 177.36288452148438,
        "h": 74.83150772750378
      },
      "obj_name": "person",
      "name_accuracy": 0.8655792474746704
    },
    {
      "contour": {
        "x": 31.629179000854492,
        "y": 33.20283508300781,
        "w": 34.12445259094238,
        "h": 17.674896240234375
      },
      "obj_name": "car",
      "name_accuracy": 0.585591197013855
    },
    {
      "contour": {
        "x": 484.5946350097656,
        "y": 0.5171257257461548,
        "w": 42.202850341796875,
        "h": 62.89028775691986
      },
      "obj_name": "person",
      "name_accuracy": 0.25244975090026855
    }
  ]
}