{
  "image_filename": "video2.mp4_frame0173.jpg",
  "image_dimensions": {
    "width": 848,
    "height": 480
  },
  "objects": [
    {
      "contour": {
        "x": 68.81532287597656,
        "y": 295.9220275878906,
        "w": 60.17039489746094,
        "h": 30.317840576171875
      },
      "obj_name": "car",
      "name_accuracy": 0.6842238903045654
    },
    {
      "contour": {
        "x": 733.7789916992188,
        "y": 287.4059143066406,
        "w": 22.317138671875,
        "h": 12.25689697265625
      },
      "obj_name": "car",
      "name_accuracy": 0.2706797420978546
    }
  ]
}