{
  "image_filename": "video1.mp4_frame0107.jpg",
  "image_dimensions": {
    "width": 848,
    "height": 480
  },
  "objects": [
    {
      "contour": {
        "x": 339.373779296875,
        "y": 316.99212646484375,
        "w": 135.37152099609375,
        "h": 77.53546142578125
      },
      "obj_name": "car",
      "name_accuracy": 0.8907257318496704
    }
  ]
}