{
  "image_filename": "video2.mp4_frame0249.jpg",
  "image_dimensions": {
    "width": 848,
    "height": 480
  },
  "objects": [
    {
      "contour": {
        "x": 763.9080810546875,
        "y": 251.7432403564453,
        "w": 16.58648681640625,
        "h": 33.58921813964844
      },
      "obj_name": "traffic light",
      "name_accuracy": 0.5296421051025391
    },
    {
      "contour": {
        "x": 703.6737060546875,
        "y": 199.97999572753906,
        "w": 19.97998046875,
        "h": 10.043121337890625
      },
      "obj_name": "car",
      "name_accuracy": 0.4641982316970825
    }
  ]
}