{
  "image_filename": "video2.mp4_frame0178.jpg",
  "image_dimensions": {
    "width": 848,
    "height": 480
  },
  "objects": [
    {
      "contour": {
        "x": 511.82659912109375,
        "y": 307.76934814453125,
        "w": 11.76226806640625,
        "h": 17.03759765625
      },
      "obj_name": "person",
      "name_accuracy": 0.36654800176620483
    },
    {
      "contour": {
        "x": 728.4765014648438,
        "y": 292.4354248046875,
        "w": 19.468017578125,
        "h": 12.544158935546875
      },
      "obj_name": "car",
      "name_accuracy": 0.3054714798927307
    }
  ]
}