{
  "image_filename": "video2.mp4_frame0270.jpg",
  "image_dimensions": {
    "width": 848,
    "height": 480
  },
  "objects": [
    {
      "contour": {
        "x": 239.48861694335938,
        "y": 224.35507202148438,
        "w": 30.887451171875,
        "h": 82.88034057617188
      },
      "obj_name": "person",
      "name_accuracy": 0.819406270980835
    },
    {
      "contour": {
        "x": 220.82142639160156,
        "y": 235.99896240234375,
        "w": 26.247039794921875,
        "h": 66.97235107421875
      },
      "obj_name": "person",
      "name_accuracy": 0.7862210273742676
    }
  ]
}