{
  "image_filename": "video2.mp4_frame0256.jpg",
  "image_dimensions": {
    "width": 848,
    "height": 480
  },
  "objects": [
    {
      "contour": {
        "x": 609.7814331054688,
        "y": 325.14337158203125,
        "w": 30.94097900390625,
        "h": 60.9019775390625
      },
      "obj_name": "person",
      "name_accuracy": 0.7731439471244812
    },
    {
      "contour": {
        "x": 630.226318359375,
        "y": 322.0873718261719,
        "w": 29.34881591796875,
        "h": 72.74337768554688
      },
      "obj_name": "person",
      "name_accuracy": 0.674989640712738
    },
    {
      "contour": {
        "x": 679.4891967773438,
        "y": 53.675235748291016,
        "w": 48.79010009765625,
        "h": 25.01211166381836
      },
      "obj_name": "car",
      "name_accuracy": 0.434164434671402
    },
    {
      "contour": {
        "x": 553.3878784179688,
        "y": 381.51434326171875,
        "w": 17.2841796875,
        "h": 22.702606201171875
      },
      "obj_name": "person",
      "name_accuracy": 0.2523786425590515
    }
  ]
}