{
  "image_filename": "video2.mp4_frame0158.jpg",
  "image_dimensions": {
    "width": 848,
    "height": 480
  },
  "objects": [
    {
      "contour": {
        "x": 695.724365234375,
        "y": 290.3872375488281,
        "w": 46.4620361328125,
        "h": 22.54278564453125
      },
      "obj_name": "car",
      "name_accuracy": 0.8633819818496704
    },
    {
      "contour": {
        "x": 750.6700439453125,
        "y": 280.57745361328125,
        "w": 20.21728515625,
        "h": 12.340667724609375
      },
      "obj_name": "car",
      "name_accuracy": 0.4355129897594452
    },
    {
      "contour": {
        "x": 832.5724487304688,
        "y": 295.6673889160156,
        "w": 15.03497314453125,
        "h": 30.795562744140625
      },
      "obj_name": "car",
      "name_accuracy": 0.37391242384910583
    }
  ]
}