{
  "image_filename": "video1.mp4_frame0090.jpg",
  "image_dimensions": {
    "width": 848,
    "height": 480
  },
  "objects": [
    {
      "contour": {
        "x": 713.237060546875,
        "y": 235.64601135253906,
        "w": 84.0806884765625,
        "h": 55.37696838378906
      },
      "obj_name": "car",
      "name_accuracy": 0.89482581615448
    },
    {
      "contour": {
        "x": 771.1566162109375,
        "y": 123.21561431884766,
        "w": 10.0843505859375,
        "h": 26.74987030029297
      },
      "obj_name": "person",
      "name_accuracy": 0.5394362807273865
    },
    {
      "contour": {
        "x": 609.8206787109375,
        "y": 36.448429107666016,
        "w": 17.34307861328125,
        "h": 11.903343200683594
      },
      "obj_name": "car",
      "name_accuracy": 0.3436473309993744
    }
  ]
}