{
  "image_filename": "video2.mp4_frame0159.jpg",
  "image_dimensions": {
    "width": 848,
    "height": 480
  },
  "objects": [
    {
      "contour": {
        "x": 758.88525390625,
        "y": 294.29925537109375,
        "w": 46.12091064453125,
        "h": 20.444091796875
      },
      "obj_name": "car",
      "name_accuracy": 0.8089039921760559
    },
    {
      "contour": {
        "x": 566.550537109375,
        "y": 285.0322570800781,
        "w": 31.65350341796875,
        "h": 13.854736328125
      },
      "obj_name": "car",
      "name_accuracy": 0.5792579650878906
    },
    {
      "contour": {
        "x": 747.2581176757812,
        "y": 280.5471496582031,
        "w": 27.51763916015625,
        "h": 12.4947509765625
      },
      "obj_name": "car",
      "name_accuracy": 0.41060441732406616
    }
  ]
}