{
  "image_filename": "video2.mp4_frame0257.jpg",
  "image_dimensions": {
    "width": 848,
    "height": 480
  },
  "objects": [
    {
      "contour": {
        "x": 626.9359130859375,
        "y": 312.8096923828125,
        "w": 26.65771484375,
        "h": 72.49551391601562
      },
      "obj_name": "person",
      "name_accuracy": 0.8058684468269348
    },
    {
      "contour": {
        "x": 764.8292236328125,
        "y": 45.7828369140625,
        "w": 34.3511962890625,
        "h": 21.101966857910156
      },
      "obj_name": "car",
      "name_accuracy": 0.8013779520988464
    },
    {
      "contour": {
        "x": 603.303466796875,
        "y": 314.0690612792969,
        "w": 29.6036376953125,
        "h": 62.12506103515625
      },
      "obj_name": "person",
      "name_accuracy": 0.7742397785186768
    },
    {
      "contour": {
        "x": 628.0748291015625,
        "y": 33.51833724975586,
        "w": 50.31207275390625,
        "h": 26.655193328857422
      },
      "obj_name": "car",
      "name_accuracy": 0.7155620455741882
    }
  ]
}