{
  "image_filename": "video2.mp4_frame0267.jpg",
  "image_dimensions": {
    "width": 848,
    "height": 480
  },
  "objects": [
    {
      "contour": {
        "x": 401.3317565917969,
        "y": 242.90341186523438,
        "w": 28.19525146484375,
        "h": 63.8106689453125
      },
      "obj_name": "person",
      "name_accuracy": 0.8266008496284485
    },
    {
      "contour": {
        "x": 426.5058288574219,
        "y": 233.94482421875,
        "w": 20.889129638671875,
        "h": 84.19775390625
      },
      "obj_name": "person",
      "name_accuracy": 0.7852146029472351
    }
  ]
}