{
  "image_filename": "video1.mp4_frame0053.jpg",
  "image_dimensions": {
    "width": 848,
    "height": 480
  },
  "objects": [
    {
      "contour": {
        "x": 761.897705078125,
        "y": 151.3345489501953,
        "w": 25.5159912109375,
        "h": 10.813369750976562
      },
      "obj_name": "car",
      "name_accuracy": 0.3670611083507538
    },
    {
      "contour": {
        "x": 52.33798599243164,
        "y": 332.7668151855469,
        "w": 795.1820335388184,
        "h": 140.84976196289062
      },
      "obj_name": "airplane",
      "name_accuracy": 0.3448130488395691
    }
  ]
}