{
  "image_filename": "video2.mp4_frame0171.jpg",
  "image_dimensions": {
    "width": 848,
    "height": 480
  },
  "objects": [
    {
      "contour": {
        "x": 347.2632141113281,
        "y": 291.3121643066406,
        "w": 48.45697021484375,
        "h": 25.3419189453125
      },
      "obj_name": "car",
      "name_accuracy": 0.7092746496200562
    },
    {
      "contour": {
        "x": 732.8729858398438,
        "y": 284.95166015625,
        "w": 27.4908447265625,
        "h": 15.76275634765625
      },
      "obj_name": "car",
      "name_accuracy": 0.5021445751190186
    },
    {
      "contour": {
        "x": 654.1346435546875,
        "y": 288.62255859375,
        "w": 20.72625732421875,
        "h": 10.858856201171875
      },
      "obj_name": "car",
      "name_accuracy": 0.26534321904182434
    }
  ]
}